user	revs	pages	ts_min	ts_max
Hprmedina	182	82	2009-08-07 17:33:11+00:00	2015-04-07 12:17:05+00:00
Paintman	213	70	2006-04-03 11:36:30+00:00	2017-10-21 16:25:49+00:00
Taichi	256	67	2005-04-28 19:52:06+00:00	2019-12-15 17:42:45+00:00
Addbot	85	63	2013-03-07 19:28:57+00:00	2013-08-05 06:54:36+00:00
Belgrano	230	62	2007-05-23 21:16:02+00:00	2009-09-07 21:07:31+00:00
Farisori	204	61	2008-05-20 15:52:55+00:00	2018-08-06 13:01:31+00:00
Ensada	191	60	2007-11-12 05:48:55+00:00	2012-02-13 23:55:35+00:00
Muro de Aguas	162	58	2006-12-12 17:28:28+00:00	2010-06-02 12:37:35+00:00
LlamaAl	148	55	2012-11-10 00:58:02+00:00	2018-09-25 21:57:39+00:00
Gusama Romero	190	54	2012-10-20 03:05:05+00:00	2020-07-30 22:50:02+00:00
Sanbec	329	52	2004-05-11 11:46:57+00:00	2010-12-22 11:22:41+00:00
Diegusjaimes	136	51	2009-05-25 21:12:11+00:00	2012-04-06 15:59:11+00:00
Ontzak	107	49	2009-12-12 15:44:21+00:00	2020-06-12 19:02:08+00:00
Sabbut	196	49	2003-08-30 07:00:36+00:00	2020-04-23 10:51:05+00:00
Jmvkrecords	198	48	2012-01-02 19:42:53+00:00	2017-11-18 04:25:57+00:00
Jcfidy	119	47	2013-03-18 10:42:42+00:00	2020-06-28 07:00:40+00:00
Ferbr1	161	46	2005-08-24 21:16:48+00:00	2014-03-28 15:23:12+00:00
Pólux	129	46	2007-05-25 05:43:33+00:00	2020-03-27 21:23:55+00:00
Nixón	120	46	2009-03-11 21:42:30+00:00	2014-03-10 00:01:28+00:00
Angus	330	45	2005-03-19 02:53:46+00:00	2018-11-27 05:58:10+00:00
Green Mostaza	96	45	2012-03-05 15:55:17+00:00	2018-06-12 16:56:26+00:00
DonBarredora	82	45	2008-06-19 00:46:47+00:00	2016-12-22 05:15:53+00:00
Metrónomo	99	45	2011-05-06 19:26:44+00:00	2018-04-24 17:11:49+00:00
Ganímedes	309	44	2010-09-04 20:01:21+00:00	2019-01-14 11:13:34+00:00
Magister Mathematicae	224	43	2007-01-12 17:59:19+00:00	2013-12-13 22:28:16+00:00
Comae	195	42	2004-03-21 18:59:06+00:00	2007-08-04 21:57:13+00:00
Poco a poco	330	42	2008-07-17 00:10:57+00:00	2019-05-08 18:16:09+00:00
Taragui	162	42	2005-03-21 10:55:58+00:00	2006-08-09 09:14:10+00:00
-jem-	149	41	2009-07-17 19:13:20+00:00	2020-07-09 11:21:05+00:00
Jarould	102	41	2014-11-27 15:04:27+00:00	2017-11-29 03:37:35+00:00
BetoCG	187	41	2008-02-01 17:22:16+00:00	2019-10-22 21:27:57+00:00
Tano4595	131	40	2005-06-01 23:32:15+00:00	2008-09-02 22:20:48+00:00
Jorge	111	39	2008-02-01 01:41:28+00:00	2019-06-19 06:18:03+00:00
Dodo	224	38	2004-07-22 18:40:42+00:00	2011-01-29 18:26:50+00:00
Axxgreazz	276	37	2006-02-13 05:06:38+00:00	2008-07-25 20:17:56+00:00
Balderai	149	37	2005-02-19 05:08:49+00:00	2019-09-11 05:28:02+00:00
Born2bgratis	68	37	2011-02-02 06:07:08+00:00	2019-09-06 11:30:32+00:00
Alhen	105	37	2005-06-20 23:35:17+00:00	2012-07-06 22:23:16+00:00
Escarlati	290	37	2006-09-10 00:31:59+00:00	2014-08-05 01:43:11+00:00
Libertad y Saber	122	37	2007-04-07 15:01:39+00:00	2008-06-23 22:46:32+00:00
Maldoror	110	36	2005-11-16 16:17:08+00:00	2007-04-22 14:52:38+00:00
MarcoAurelio	166	36	2008-08-20 20:16:28+00:00	2019-10-01 18:33:47+00:00
Platonides	73	36	2005-07-21 12:31:19+00:00	2019-01-13 18:13:54+00:00
Leoncastro	166	36	2017-01-21 18:19:40+00:00	2020-06-27 19:50:26+00:00
Matdrodes	88	36	2007-06-16 06:33:12+00:00	2009-08-31 18:59:50+00:00
Netito777	113	35	2007-04-27 00:32:25+00:00	2019-12-18 16:01:10+00:00
Thanos	93	35	2006-07-07 20:31:32+00:00	2007-09-25 22:12:55+00:00
Technopat	78	34	2010-07-09 13:53:08+00:00	2019-04-03 09:11:05+00:00
Tomatejc	151	34	2006-05-08 09:43:35+00:00	2009-01-29 21:58:00+00:00
RoyFocker	67	34	2007-09-02 09:01:11+00:00	2019-04-27 14:09:27+00:00
Ignacio Icke	164	33	2006-12-12 19:30:05+00:00	2010-10-26 01:26:11+00:00
ManuelGR	106	32	2003-12-19 17:15:20+00:00	2007-03-25 11:08:34+00:00
Petronas	127	32	2005-06-13 09:54:26+00:00	2016-12-29 11:21:56+00:00
UA31	69	32	2012-02-04 23:42:40+00:00	2019-12-10 23:54:04+00:00
XanaG	91	31	2011-10-28 21:38:33+00:00	2020-06-08 14:25:57+00:00
Ecemaml	158	31	2005-04-11 13:27:32+00:00	2012-04-09 21:38:39+00:00
Triplecaña	77	31	2016-03-01 11:18:25+00:00	2020-04-28 09:36:00+00:00
Tximitx	190	30	2016-01-16 11:17:59+00:00	2020-06-16 20:55:03+00:00
Ezarate	69	29	2008-10-08 00:12:18+00:00	2018-09-12 18:16:03+00:00
VR0	181	29	2012-01-14 04:20:27+00:00	2020-07-09 23:41:10+00:00
HUB	69	29	2007-09-05 10:40:01+00:00	2011-01-28 19:14:08+00:00
Mercenario97	48	29	2007-07-24 19:37:44+00:00	2016-02-29 00:14:04+00:00
Humberto	55	29	2007-02-08 04:58:34+00:00	2010-02-22 03:27:09+00:00
Jkbw	44	28	2010-12-05 21:50:04+00:00	2020-03-31 01:13:53+00:00
CHUCAO	102	28	2011-09-30 12:25:05+00:00	2016-04-04 01:19:57+00:00
Jaontiveros	90	27	2008-12-23 03:38:20+00:00	2015-07-02 03:55:02+00:00
Mar del Sur	224	27	2010-05-08 12:06:13+00:00	2019-06-26 21:30:24+00:00
Cobalttempest	62	27	2007-07-29 21:49:43+00:00	2010-12-09 03:40:34+00:00
Gusgus	101	27	2007-04-19 05:59:55+00:00	2011-10-26 11:58:47+00:00
Wikisilki	164	27	2008-09-30 23:16:42+00:00	2012-12-23 21:39:42+00:00
Lobillo	42	27	2005-11-30 12:08:12+00:00	2015-05-07 12:03:10+00:00
Yrithinnd	82	26	2005-08-29 23:29:49+00:00	2007-03-30 00:41:04+00:00
Penquista	55	26	2006-05-19 23:50:36+00:00	2019-02-09 04:44:41+00:00
Er Komandante	62	25	2006-06-17 01:01:54+00:00	2015-04-04 00:13:32+00:00
Kordas	119	25	2005-05-25 15:23:59+00:00	2019-03-01 06:33:08+00:00
Elwikipedista	70	25	2004-11-20 03:03:16+00:00	2008-02-28 03:23:31+00:00
Oscar .	61	25	2005-09-28 03:44:10+00:00	2015-11-13 20:48:24+00:00
Dalton2	799	25	2008-06-27 11:53:42+00:00	2012-11-22 03:29:29+00:00
JorgeGG	119	24	2003-11-17 01:16:23+00:00	2008-02-01 13:07:31+00:00
Juan25	49	24	2013-05-10 21:39:04+00:00	2018-09-26 09:42:26+00:00
Lin linao	100	23	2005-12-13 19:18:06+00:00	2020-06-15 21:35:45+00:00
Raystorm	92	23	2007-02-10 13:56:29+00:00	2016-03-02 07:45:04+00:00
Hasley	45	23	2018-07-11 22:38:51+00:00	2020-05-23 06:52:12+00:00
AVIADOR	133	23	2011-12-19 22:36:44+00:00	2020-07-13 00:33:28+00:00
AstroNomo	54	22	2001-10-03 01:50:47+00:00	2004-10-21 05:13:31+00:00
Lourdes Cardenal	222	22	2004-01-15 19:02:13+00:00	2018-09-05 19:18:16+00:00
Artlejandra	32	22	2012-09-01 19:51:42+00:00	2012-09-11 10:32:14+00:00
Simeón el Loco	30	22	2009-10-08 23:51:43+00:00	2010-05-06 20:01:40+00:00
Antón Francho	38	22	2007-10-04 01:55:42+00:00	2018-04-23 18:07:24+00:00
Antur	42	21	2006-08-02 04:25:37+00:00	2019-05-28 14:30:43+00:00
333	122	21	2006-02-27 14:49:14+00:00	2009-03-02 15:44:16+00:00
Cinabrium	80	21	2005-02-14 02:07:11+00:00	2014-09-27 04:33:08+00:00
NaBUru38	31	20	2008-08-31 23:54:52+00:00	2016-12-10 22:45:09+00:00
David0811	72	20	2008-05-06 21:41:55+00:00	2013-02-24 12:28:51+00:00
.Sergio	50	20	2005-11-26 00:05:10+00:00	2007-09-29 07:33:39+00:00
M S	65	20	2007-09-23 00:33:31+00:00	2009-03-09 19:41:30+00:00
Yeza	35	20	2007-08-18 17:50:36+00:00	2018-06-08 04:40:22+00:00
Javier Carro	98	20	2004-03-26 02:55:44+00:00	2007-02-18 14:29:53+00:00
Laura Fiorucci	27	20	2010-07-29 04:06:11+00:00	2018-03-25 20:37:42+00:00
Fidelmoquegua	45	19	2007-09-16 00:27:07+00:00	2009-02-04 05:11:37+00:00
FrancoGG	44	19	2006-07-16 04:10:31+00:00	2007-06-29 00:56:56+00:00
Emijrp	99	19	2005-07-29 08:16:13+00:00	2010-08-06 20:31:04+00:00
Rondador	94	19	2006-12-08 11:40:01+00:00	2016-03-03 23:14:12+00:00
Matiia	37	19	2014-12-01 04:52:01+00:00	2017-10-05 23:50:08+00:00
Barcex	81	19	2005-08-29 12:23:21+00:00	2008-06-07 22:43:23+00:00
Yakoo	58	19	2005-05-08 01:54:43+00:00	2015-12-05 22:03:42+00:00
Snooze123	29	18	2018-01-19 22:55:37+00:00	2020-07-23 20:05:31+00:00
Correogsk	35	18	2008-06-05 05:54:16+00:00	2020-01-10 10:42:56+00:00
Kokoo	103	18	2005-05-16 22:30:44+00:00	2016-12-03 22:44:02+00:00
Bernard	34	18	2009-02-20 02:35:48+00:00	2018-07-18 20:24:24+00:00
Rαge	24	18	2008-08-03 02:48:22+00:00	2012-04-12 05:17:41+00:00
Vitamine	40	18	2006-11-12 18:27:11+00:00	2011-11-06 18:18:38+00:00
Cookie	116	18	2004-08-05 16:27:15+00:00	2018-01-24 05:28:50+00:00
ZebaX2010	28	18	2018-03-28 02:41:28+00:00	2020-06-22 22:26:26+00:00
Chlewey	101	17	2005-03-04 03:44:10+00:00	2007-06-05 22:10:44+00:00
Gaeddal	116	17	2006-06-01 16:57:32+00:00	2008-06-28 14:03:00+00:00
Mafores	63	17	2007-09-17 01:25:27+00:00	2013-02-09 20:33:45+00:00
Ignaciogu	68	17	2016-01-29 19:43:21+00:00	2016-06-08 22:52:14+00:00
Gustronico	35	17	2006-11-03 11:58:03+00:00	2020-07-15 22:40:23+00:00
Omni	42	17	2007-12-22 00:47:46+00:00	2008-02-06 22:21:48+00:00
Eduardosalg	24	17	2010-07-03 00:58:17+00:00	2019-12-20 19:03:41+00:00
Joseaperez	154	17	2003-09-03 06:17:17+00:00	2006-12-03 18:10:11+00:00
Khiari	26	17	2010-10-20 00:48:55+00:00	2016-11-18 01:14:36+00:00
Kved	39	17	2007-10-20 01:13:00+00:00	2010-04-16 04:46:08+00:00
Bienchido	19	17	2007-05-28 08:17:23+00:00	2007-11-23 12:46:29+00:00
Linfocito B	43	16	2010-07-26 16:02:51+00:00	2012-06-13 03:58:05+00:00
Durero	53	16	2007-06-12 22:28:41+00:00	2020-07-19 00:43:46+00:00
Saloca	22	16	2009-01-09 11:28:14+00:00	2015-08-20 14:37:41+00:00
Hispalois	33	16	2007-10-02 19:10:40+00:00	2016-04-15 00:56:51+00:00
Gizmo II	59	16	2006-02-05 07:49:22+00:00	2008-09-25 01:45:48+00:00
Airunp	63	16	2005-05-06 22:18:59+00:00	2007-11-21 01:10:05+00:00
Pabloallo	16	16	2006-12-10 14:41:24+00:00	2007-11-15 15:28:00+00:00
Romulanus	39	16	2014-09-29 15:30:55+00:00	2019-10-08 21:30:18+00:00
Isha	19	16	2006-10-12 12:25:53+00:00	2014-11-18 00:14:09+00:00
AeroPsico	54	15	2012-01-28 00:39:59+00:00	2013-01-28 20:25:22+00:00
Cheveri	25	15	2011-08-13 22:31:40+00:00	2016-05-29 11:20:31+00:00
Esteban16	20	15	2018-02-20 02:57:33+00:00	2020-05-17 02:55:48+00:00
Beto29	38	15	2005-10-28 22:53:09+00:00	2008-02-09 17:40:16+00:00
Rosarino	45	15	2005-07-12 06:58:45+00:00	2017-11-20 18:00:16+00:00
Edub	70	15	2005-04-27 17:00:27+00:00	2008-02-09 15:15:46+00:00
Ejmeza	86	15	2005-05-29 23:51:57+00:00	2009-07-12 14:35:53+00:00
Geom	30	15	2016-09-19 18:22:32+00:00	2020-06-29 08:16:05+00:00
Eloy	36	15	2005-12-20 19:55:07+00:00	2010-07-27 05:24:05+00:00
Retama	25	14	2007-04-11 17:30:51+00:00	2009-10-17 17:08:12+00:00
Manwë	25	14	2007-08-26 16:46:56+00:00	2015-04-27 23:03:15+00:00
IIM 78	102	14	2010-03-22 23:55:12+00:00	2018-06-22 14:34:29+00:00
Moriel	60	14	2003-09-03 04:09:24+00:00	2004-05-27 05:12:53+00:00
Siabef	28	13	2006-06-05 17:09:06+00:00	2008-03-15 11:36:32+00:00
Dianai	56	13	2004-10-22 17:11:07+00:00	2007-04-30 18:21:10+00:00
Hispa	122	13	2005-08-14 09:13:25+00:00	2007-07-21 16:21:54+00:00
Abián	96	13	2011-07-27 15:07:29+00:00	2015-11-23 22:20:24+00:00
Edmenb	44	13	2007-07-04 20:44:03+00:00	2015-01-25 16:17:11+00:00
Andersmusician	19	13	2007-06-06 21:38:04+00:00	2007-10-30 03:14:35+00:00
Gaijin	30	13	2010-08-18 01:36:04+00:00	2018-08-07 05:10:22+00:00
Superzerocool	76	13	2005-06-27 21:44:22+00:00	2019-09-22 23:07:05+00:00
Churrasco italiano	16	12	2014-10-11 18:42:35+00:00	2020-05-06 05:03:22+00:00
Pablo.cl	50	12	2004-04-22 19:26:50+00:00	2006-10-29 16:12:46+00:00
Albertojuanse	86	12	2013-02-18 12:28:37+00:00	2015-10-22 20:40:52+00:00
JRGL	49	12	2005-12-03 16:37:22+00:00	2006-06-26 11:48:07+00:00
Bucho	21	12	2007-07-05 20:00:35+00:00	2009-05-29 16:12:44+00:00
Erri4a	36	12	2004-11-17 23:06:13+00:00	2006-12-21 23:46:24+00:00
Leonpolanco	17	12	2008-04-10 14:00:46+00:00	2020-05-23 02:36:09+00:00
Irn	29	12	2015-08-10 17:00:29+00:00	2020-05-07 02:07:18+00:00
C'est moi	50	12	2007-03-12 02:22:49+00:00	2009-02-17 02:59:13+00:00
Manuelt15	32	12	2009-03-16 05:22:20+00:00	2010-09-17 10:35:12+00:00
FAR	84	12	2005-03-11 20:00:00+00:00	2007-10-13 10:07:59+00:00
Savh	24	12	2010-09-07 17:12:47+00:00	2014-03-31 14:46:35+00:00
Ratchet	133	12	2007-08-26 10:14:24+00:00	2008-06-27 08:15:09+00:00
Strakhov	31	12	2015-08-06 17:00:38+00:00	2020-05-06 04:33:51+00:00
Jean70000	14	12	2014-09-07 21:32:04+00:00	2016-12-04 17:30:59+00:00
Gons	15	11	2008-01-12 16:31:19+00:00	2010-09-17 13:37:21+00:00
Marcelo	28	11	2008-04-05 01:45:36+00:00	2020-04-22 00:50:59+00:00
Javierme	21	11	2007-03-05 16:02:26+00:00	2010-01-04 00:01:42+00:00
Demonaire Rai	25	11	2006-05-24 19:33:09+00:00	2017-12-28 16:08:00+00:00
Fundn	18	11	2018-03-01 03:29:30+00:00	2020-03-05 10:46:45+00:00
Jarke	19	11	2006-11-04 12:15:11+00:00	2010-07-07 16:14:53+00:00
Dark	36	11	2007-06-19 17:51:34+00:00	2007-11-25 21:05:21+00:00
Ener6	59	11	2008-06-05 05:06:26+00:00	2019-04-25 11:16:55+00:00
Montgomery	11	11	2009-12-04 16:30:18+00:00	2016-01-28 19:29:46+00:00
Kadellar	35	11	2009-09-17 23:56:07+00:00	2016-02-12 14:48:01+00:00
Juan Mayordomo	25	11	2010-10-11 18:13:35+00:00	2020-04-29 18:22:03+00:00
Waka Waka	36	11	2011-08-25 01:30:46+00:00	2016-01-11 09:48:25+00:00
Chico512	13	11	2009-08-09 00:57:57+00:00	2018-06-22 14:37:20+00:00
Ascánder	53	11	2004-07-28 13:12:39+00:00	2009-04-29 15:12:57+00:00
Rubpe19	11	11	2011-05-03 17:27:57+00:00	2018-10-07 21:11:59+00:00
Xatufan	20	11	2005-07-19 19:46:01+00:00	2006-04-16 22:25:01+00:00
Resped	20	11	2007-01-08 18:00:04+00:00	2010-04-07 14:00:51+00:00
Mortadelo2005	69	10	2005-10-29 19:11:24+00:00	2007-07-14 14:38:10+00:00
Gelo71	60	10	2005-04-10 11:25:08+00:00	2009-09-05 09:11:29+00:00
Alvaro qc	20	10	2007-07-30 14:02:29+00:00	2009-06-18 21:23:20+00:00
Pilaf	50	10	2003-11-29 04:22:09+00:00	2005-07-11 02:08:25+00:00
Vivaelcelta	19	10	2011-11-03 16:55:12+00:00	2013-07-13 18:03:06+00:00
Lampsako	72	10	2008-07-30 06:24:56+00:00	2009-09-02 02:55:25+00:00
Malvinero10	22	10	2019-01-18 22:42:08+00:00	2020-06-29 17:01:11+00:00
Rizome	47	10	2009-04-24 16:47:16+00:00	2009-11-13 06:27:10+00:00
Ketamino	12	10	2006-02-07 00:38:37+00:00	2012-02-21 20:32:58+00:00
Millars	83	10	2007-06-13 08:35:29+00:00	2019-02-20 22:24:25+00:00
Stïnger	24	10	2015-11-28 21:35:45+00:00	2018-11-23 19:55:12+00:00
Omarete	35	10	2004-12-27 21:41:57+00:00	2006-03-30 23:20:10+00:00
Jimmy Olano	17	10	2017-10-08 00:51:04+00:00	2020-03-30 14:29:01+00:00
Mr.Ajedrez	23	10	2010-06-25 12:11:44+00:00	2015-03-01 19:24:35+00:00
Ctrl Z	11	10	2007-05-08 20:56:00+00:00	2007-12-26 21:44:32+00:00
Guarddon	17	10	2014-07-03 22:18:12+00:00	2014-10-28 07:01:41+00:00
Κανάρια	23	10	2011-02-13 21:48:26+00:00	2016-02-21 02:59:00+00:00
Maragm	23	10	2011-11-29 11:32:05+00:00	2020-05-13 16:09:08+00:00
DJ Nietzsche	11	10	2009-07-15 23:22:08+00:00	2013-08-02 18:37:55+00:00
Guille	24	9	2006-09-10 00:11:59+00:00	2009-08-05 01:32:35+00:00
ProgramadorCCCP	17	9	2012-09-16 01:19:28+00:00	2015-10-22 21:24:53+00:00
Bigsus	13	9	2007-03-01 22:39:53+00:00	2009-09-02 07:25:10+00:00
Wesisnay	42	9	2004-02-07 08:33:32+00:00	2006-09-27 03:23:10+00:00
Hiperfelix	59	9	2011-11-26 04:09:55+00:00	2014-01-23 14:46:04+00:00
Ravave	13	9	2008-03-29 22:29:38+00:00	2019-02-18 15:39:45+00:00
Balles2601	15	9	2014-02-24 15:53:21+00:00	2020-07-26 21:23:53+00:00
Richy	20	9	2006-10-09 05:42:05+00:00	2011-02-10 09:24:01+00:00
Hans Topo1993	11	9	2014-08-05 21:52:06+00:00	2020-07-28 23:11:24+00:00
Alejandrocaro35	52	9	2009-09-28 16:40:05+00:00	2019-11-22 22:18:04+00:00
Gato con patas	17	9	2016-03-25 18:54:46+00:00	2017-08-20 11:21:52+00:00
Txo	49	9	2006-03-17 10:26:34+00:00	2016-08-28 12:18:51+00:00
Jarisleif	11	9	2007-10-03 21:32:10+00:00	2012-02-14 20:12:37+00:00
Fixertool	13	9	2012-11-10 04:59:29+00:00	2017-10-10 16:38:28+00:00
Antonorsi	10	9	2012-01-17 00:15:46+00:00	2015-09-09 23:05:31+00:00
Trasamundo	48	9	2010-05-01 13:44:10+00:00	2017-05-18 21:48:33+00:00
Santiperez	25	9	2007-05-21 14:53:18+00:00	2008-07-01 13:53:12+00:00
Sheenbrino	18	9	2020-05-12 14:49:23+00:00	2020-07-14 17:39:37+00:00
Titoxd	13	9	2006-03-04 01:00:41+00:00	2007-04-13 03:15:36+00:00
Miguu	41	9	2015-08-23 21:59:09+00:00	2018-12-06 21:49:19+00:00
3coma14	67	9	2008-08-10 02:27:30+00:00	2011-09-14 18:32:48+00:00
XalD	9	9	2008-05-02 00:03:49+00:00	2016-06-26 23:38:37+00:00
No sé qué nick poner	21	9	2006-03-04 18:03:47+00:00	2006-12-19 00:41:24+00:00
Pedro Felipe	14	9	2008-11-13 14:58:29+00:00	2014-01-22 16:54:01+00:00
Dodecaedro	17	9	2007-07-26 13:23:50+00:00	2019-04-08 07:47:55+00:00
Cratón	18	9	2007-05-07 04:16:12+00:00	2011-09-20 22:49:04+00:00
MONUMENTA	21	9	2017-12-13 14:37:06+00:00	2019-09-04 19:07:45+00:00
PePeEfe	40	9	2010-01-31 11:22:47+00:00	2020-06-16 06:41:24+00:00
Eamezaga	17	9	2006-06-12 00:59:21+00:00	2010-07-26 16:37:31+00:00
ZrbtWm	25	9	2013-07-11 20:21:30+00:00	2019-08-09 13:35:39+00:00
Prietoquilmes	16	8	2007-10-21 21:51:32+00:00	2008-08-02 16:59:34+00:00
Huhsunqu	42	8	2005-04-21 03:53:57+00:00	2010-10-10 17:21:18+00:00
Sailorsun	30	8	2009-05-17 16:51:23+00:00	2010-01-25 17:52:48+00:00
ArwinJ	15	8	2010-11-23 21:48:52+00:00	2019-12-16 23:10:29+00:00
Travelour	14	8	2012-02-02 01:09:56+00:00	2017-12-27 02:57:45+00:00
Miaow	13	8	2017-11-14 19:08:50+00:00	2020-07-10 17:35:23+00:00
Rosymonterrey	23	8	2010-05-10 17:40:26+00:00	2018-04-12 06:39:38+00:00
Gauri	14	8	2011-11-05 23:59:28+00:00	2018-07-18 21:15:29+00:00
Aadrover	13	8	2006-01-26 21:30:38+00:00	2015-07-24 12:50:47+00:00
Fonsi80	9	8	2007-11-26 23:53:59+00:00	2009-08-25 00:16:51+00:00
House	26	8	2008-01-31 21:36:55+00:00	2016-12-16 18:01:34+00:00
Sophivorus	76	8	2009-11-09 19:04:09+00:00	2020-01-18 14:49:24+00:00
Equi	34	8	2005-10-21 18:46:35+00:00	2006-08-02 03:32:43+00:00
Nueva era	15	8	2006-10-22 04:42:31+00:00	2007-10-07 18:02:29+00:00
Igna	26	8	2009-12-24 01:26:09+00:00	2013-02-08 19:10:53+00:00
Ejrrjs	16	8	2004-08-09 16:31:26+00:00	2006-03-30 21:50:46+00:00
Egaida	42	8	2007-04-03 07:58:01+00:00	2015-12-14 19:01:24+00:00
Ggenellina	9	8	2011-05-07 05:22:51+00:00	2013-12-03 17:15:40+00:00
Mushii	9	8	2007-10-03 17:09:24+00:00	2011-07-26 00:58:35+00:00
Marcomogollon	28	8	2012-06-06 23:04:28+00:00	2020-07-26 14:48:18+00:00
Wilfredor	27	8	2007-03-10 14:45:44+00:00	2020-05-07 16:11:09+00:00
Lobo	13	8	2008-09-24 23:33:33+00:00	2013-01-15 21:53:16+00:00
Futbolero	9	8	2006-03-18 22:47:44+00:00	2018-01-09 06:45:15+00:00
Racso	18	8	2007-05-28 18:49:10+00:00	2009-02-19 19:51:04+00:00
Rastrojo	12	8	2007-06-03 10:19:28+00:00	2015-08-27 14:58:00+00:00
Galio	27	8	2006-02-15 00:14:47+00:00	2016-03-28 15:42:52+00:00
LP	26	8	2005-06-12 19:38:58+00:00	2016-08-31 21:26:28+00:00
Jmvgpartner	48	8	2012-10-27 21:33:15+00:00	2015-05-10 17:45:10+00:00
Cristianocampo93	12	8	2017-08-20 19:36:06+00:00	2020-07-29 16:46:05+00:00
Hυgo	105	8	2012-08-16 14:46:10+00:00	2015-07-18 01:52:26+00:00
Nerêo	9	8	2007-05-03 19:30:43+00:00	2013-01-22 15:52:53+00:00
Tintero	7	7	2008-08-27 23:18:59+00:00	2009-06-12 17:35:20+00:00
Zuirdj	30	7	2003-04-08 00:41:52+00:00	2006-11-07 19:10:14+00:00
Hlnodovic	196	7	2007-01-20 22:25:43+00:00	2016-10-29 20:03:26+00:00
Icvav	15	7	2005-12-20 23:47:07+00:00	2007-04-30 18:10:23+00:00
Globalphilosophy	30	7	2009-04-24 21:20:47+00:00	2020-05-22 11:56:48+00:00
4lex	26	7	2004-02-26 10:56:07+00:00	2010-05-13 00:02:33+00:00
HombreDHojalata	7	7	2010-06-26 08:45:30+00:00	2018-01-24 22:24:09+00:00
Irus	13	7	2007-08-15 18:18:56+00:00	2010-07-18 16:48:07+00:00
Abece	10	7	2009-09-16 10:29:22+00:00	2010-12-14 09:49:12+00:00
Fremen	37	7	2013-02-17 10:05:19+00:00	2016-05-11 17:42:52+00:00
Furti	14	7	2010-05-02 16:18:08+00:00	2018-07-08 15:17:33+00:00
Greek	9	7	2007-10-21 16:55:23+00:00	2009-07-08 18:24:11+00:00
Varano	16	7	2006-11-12 16:10:12+00:00	2008-06-22 13:15:11+00:00
Jynus	9	7	2006-06-30 01:47:13+00:00	2008-08-27 15:49:41+00:00
LMLM	11	7	2010-01-13 15:15:36+00:00	2018-07-23 17:54:41+00:00
Macarrones	15	7	2007-06-27 13:57:20+00:00	2018-01-26 19:24:11+00:00
Luisalvaz	14	7	2014-03-11 16:25:57+00:00	2020-05-05 14:43:52+00:00
Chamarasca	16	7	2012-11-29 14:15:01+00:00	2017-01-27 22:42:29+00:00
Patricio.lorente	8	7	2007-03-21 21:29:07+00:00	2019-03-10 14:35:05+00:00
Lucien leGrey	18	7	2008-02-21 17:22:20+00:00	2016-09-17 21:22:56+00:00
Ecelan	50	7	2004-08-25 18:24:42+00:00	2011-11-25 19:44:58+00:00
Camima	39	7	2006-03-30 20:40:35+00:00	2013-10-02 18:47:17+00:00
Ambil	7	7	2008-12-11 22:52:50+00:00	2013-06-29 23:37:30+00:00
Edslov	8	7	2011-10-09 19:34:38+00:00	2018-08-21 03:41:43+00:00
Manbemel	23	7	2012-01-16 13:12:07+00:00	2015-08-27 18:24:22+00:00
Manuel Trujillo Berges	7	7	2007-05-06 11:24:47+00:00	2008-02-11 20:40:32+00:00
Obelix83	17	7	2008-07-13 12:07:51+00:00	2012-06-23 17:02:50+00:00
Qwertyytrewqqwerty	16	7	2006-08-20 19:02:01+00:00	2018-03-30 08:48:20+00:00
Lautaro 97	9	7	2014-09-08 22:17:17+00:00	2017-07-17 00:42:26+00:00
Rauletemunoz	12	7	2014-04-01 15:21:18+00:00	2018-08-16 15:50:49+00:00
Carrousel	18	7	2011-07-02 03:23:21+00:00	2013-03-29 00:37:59+00:00
Renacimiento	21	7	2004-08-27 22:05:59+00:00	2005-09-21 19:22:10+00:00
Amitie 10g	12	7	2011-11-04 12:31:16+00:00	2012-05-29 01:55:40+00:00
Morza	11	7	2008-01-27 21:29:57+00:00	2018-01-26 08:36:29+00:00
Davius	39	7	2007-03-21 13:52:13+00:00	2016-09-28 21:17:47+00:00
Martingala	27	7	2006-07-19 12:16:42+00:00	2009-11-26 09:32:35+00:00
Cucaracha	20	7	2005-11-25 01:41:05+00:00	2006-07-13 08:44:45+00:00
Felipealvarez	60	7	2004-09-08 17:44:17+00:00	2015-04-09 14:11:45+00:00
Jorge c2010	9	7	2010-05-23 14:09:28+00:00	2010-11-05 03:16:09+00:00
Apoxyomenus	21	7	2011-11-11 18:23:22+00:00	2017-03-26 05:16:06+00:00
Rupert de hentzau	70	7	2005-07-31 17:27:54+00:00	2008-09-21 14:21:20+00:00
Niplos	108	6	2011-03-25 08:26:56+00:00	2013-02-09 12:24:34+00:00
Óscar Becerril	11	6	2012-03-26 22:55:41+00:00	2015-01-22 23:12:15+00:00
PACO	31	6	2003-04-03 18:49:18+00:00	2006-03-18 22:56:28+00:00
Odalcet	8	6	2016-07-10 05:07:59+00:00	2020-07-27 09:12:19+00:00
Halfdrag	7	6	2011-08-30 08:22:56+00:00	2014-05-29 18:54:26+00:00
Zósimo	25	6	2007-04-12 18:45:38+00:00	2019-11-16 16:21:56+00:00
Metronomo	10	6	2009-12-04 00:45:30+00:00	2010-12-23 10:07:30+00:00
Manuel González Olaechea y Franco	98	6	2003-10-11 08:45:03+00:00	2009-08-31 23:26:40+00:00
NEBIRE	10	6	2004-06-18 15:05:56+00:00	2006-09-09 22:13:36+00:00
Neodimio	52	6	2008-06-05 14:15:30+00:00	2019-03-30 09:38:57+00:00
The Omniversal Man	23	6	2020-05-05 22:58:56+00:00	2020-07-29 14:56:50+00:00
Pedro Nonualco	9	6	2007-03-15 21:55:00+00:00	2007-08-15 01:13:45+00:00
Xsm34	9	6	2007-05-27 19:34:31+00:00	2008-02-25 01:17:15+00:00
Valdemar2018	11	6	2019-07-23 10:34:33+00:00	2020-07-14 17:49:02+00:00
Tirithel	12	6	2008-07-12 08:05:00+00:00	2012-08-16 03:34:15+00:00
Jorjum	9	6	2010-10-19 11:29:58+00:00	2015-03-30 12:11:58+00:00
Rolf obermaier	54	6	2006-01-19 00:19:17+00:00	2008-06-16 16:04:39+00:00
Robotico	16	6	2005-03-21 05:23:58+00:00	2006-04-02 23:35:15+00:00
JMCC1	8	6	2007-01-31 17:36:49+00:00	2012-02-09 00:26:36+00:00
Kerplunk!	7	6	2006-04-17 19:07:08+00:00	2020-05-07 02:57:48+00:00
Roblespepe	18	6	2007-04-25 23:24:17+00:00	2009-04-20 17:42:54+00:00
Roberto Fiadone	7	6	2007-03-12 15:05:13+00:00	2019-06-01 21:40:13+00:00
Xqno	10	6	2008-02-01 15:26:01+00:00	2009-09-23 15:20:15+00:00
IngenieroLoco	35	6	2020-05-23 16:13:35+00:00	2020-06-28 08:48:32+00:00
Veon	8	6	2008-04-26 19:36:08+00:00	2010-07-16 13:15:57+00:00
Quijav	7	6	2012-09-04 13:44:32+00:00	2014-07-02 18:57:26+00:00
Piolinfax	14	6	2003-07-26 22:27:59+00:00	2006-02-19 20:50:16+00:00
Link58	20	6	2011-06-11 20:44:20+00:00	2019-09-18 21:58:20+00:00
Pietrus	13	6	2012-04-10 13:21:58+00:00	2015-07-21 00:05:58+00:00
Pieter	34	6	2004-01-15 19:34:19+00:00	2006-02-09 17:16:24+00:00
NTBot~eswiki	6	6	2006-01-20 18:32:45+00:00	2006-01-20 19:24:50+00:00
-Erick-	6	6	2012-01-06 00:51:15+00:00	2012-09-09 04:20:39+00:00
Frutoseco	11	6	2003-09-03 07:43:48+00:00	2004-01-15 21:55:02+00:00
Baiji	9	6	2007-05-08 06:14:33+00:00	2012-07-07 01:21:57+00:00
Folkvanger	10	6	2007-08-20 11:59:04+00:00	2009-10-29 11:50:22+00:00
Fmariluis	7	6	2005-02-14 00:53:35+00:00	2007-06-29 17:30:07+00:00
BuenaGente	13	6	2007-09-01 23:48:14+00:00	2012-07-09 19:42:11+00:00
B1mbo	13	6	2005-09-27 22:36:06+00:00	2014-09-05 13:48:45+00:00
Gaudio	13	6	2006-05-30 07:48:18+00:00	2007-01-14 11:20:58+00:00
Enrique Cordero	15	6	2014-02-24 19:52:11+00:00	2019-12-14 15:20:58+00:00
Bafomet	87	6	2004-09-18 17:49:49+00:00	2005-04-03 22:21:07+00:00
Abajo estaba el pez	8	6	2009-05-03 01:32:02+00:00	2017-06-29 04:12:53+00:00
Elreysintrono	7	6	2015-06-09 03:04:57+00:00	2017-03-23 16:03:10+00:00
Dreitmen	6	6	2009-03-14 17:03:59+00:00	2009-11-06 01:33:23+00:00
Cyrax	18	6	2012-07-31 23:37:20+00:00	2012-08-22 03:30:12+00:00
EL Willy	16	6	2004-03-03 17:56:52+00:00	2005-04-23 14:43:15+00:00
Facu89	7	6	2013-11-18 15:08:01+00:00	2014-10-16 13:56:48+00:00
Alpinu	23	6	2009-12-06 04:46:57+00:00	2015-01-24 03:18:02+00:00
Furado	7	6	2009-02-17 16:45:00+00:00	2011-09-30 11:32:51+00:00
Dorieo	7	6	2007-09-17 14:58:03+00:00	2018-06-15 11:24:58+00:00
Fev	11	6	2006-01-19 12:54:08+00:00	2018-04-17 15:45:47+00:00
Arcibel	11	6	2010-10-28 02:50:07+00:00	2012-07-11 00:26:51+00:00
Amadís	11	6	2007-01-08 18:56:15+00:00	2009-07-11 19:38:39+00:00
Antoine	30	6	2005-03-10 11:06:09+00:00	2006-04-10 20:04:04+00:00
J.M.Domingo	28	5	2008-03-12 23:32:48+00:00	2017-05-01 12:59:18+00:00
Paso del lobo	17	5	2014-06-16 04:00:19+00:00	2016-03-21 19:53:52+00:00
UAwiki	5	5	2012-04-10 23:32:30+00:00	2014-05-26 22:19:34+00:00
Pla y Grande Covián	7	5	2008-12-11 01:20:05+00:00	2017-12-17 09:48:46+00:00
K3v1n2015	5	5	2015-10-01 00:59:19+00:00	2015-12-07 00:00:09+00:00
Atón	64	5	2016-11-17 10:48:10+00:00	2016-12-18 02:52:13+00:00
Kepler Oort	10	5	2006-05-17 11:16:18+00:00	2006-10-02 22:42:59+00:00
Dermot	6	5	2008-03-29 03:56:19+00:00	2008-05-30 08:58:26+00:00
JacobRodrigues	8	5	2013-11-29 21:16:12+00:00	2014-01-06 02:20:25+00:00
Asqueladd	7	5	2016-01-16 21:51:36+00:00	2019-09-05 06:11:50+00:00
JakobVoss~eswiki	12	5	2003-11-18 14:42:07+00:00	2004-01-12 13:43:05+00:00
Manu Lop	82	5	2009-09-01 04:32:42+00:00	2013-05-02 18:47:44+00:00
Rumpelstiltskin	36	5	2004-02-24 03:18:49+00:00	2007-03-19 15:56:21+00:00
Pedro Monroy	8	5	2015-08-05 16:13:52+00:00	2016-04-19 08:32:50+00:00
Expósito	6	5	2013-05-13 16:36:47+00:00	2019-04-08 09:41:19+00:00
Franxo	27	5	2012-07-09 18:17:39+00:00	2014-07-15 13:34:12+00:00
Tostadora	15	5	2004-08-16 14:04:10+00:00	2007-12-06 19:18:37+00:00
Poromiami	6	5	2007-01-20 18:02:38+00:00	2008-12-16 20:09:21+00:00
Davidsevilla	14	5	2005-07-28 16:28:28+00:00	2006-02-03 00:30:36+00:00
Martorell	11	5	2005-05-30 07:40:32+00:00	2007-01-24 22:22:27+00:00
Tiberius1701	6	5	2018-08-03 00:57:35+00:00	2018-12-23 07:27:07+00:00
Jorge 2701	7	5	2011-06-16 15:11:47+00:00	2012-01-02 23:06:45+00:00
Pho3niX	54	5	2016-04-05 21:09:14+00:00	2020-07-22 15:37:30+00:00
Bulsara montañés	5	5	2017-08-13 22:13:00+00:00	2018-03-03 13:12:15+00:00
Javi1977	8	5	2007-09-14 07:30:26+00:00	2008-01-30 03:49:40+00:00
Mayus.madpac.12	12	5	2016-07-21 21:03:30+00:00	2016-07-27 03:22:41+00:00
Shooke	11	5	2008-07-25 17:23:57+00:00	2010-04-08 14:54:32+00:00
Diegazo2000	6	5	2014-11-13 18:17:01+00:00	2016-06-29 02:30:44+00:00
Snakeyes	7	5	2007-05-18 05:59:32+00:00	2009-01-26 04:32:07+00:00
Goodlucksil	9	5	2020-02-01 12:32:26+00:00	2020-05-19 09:58:37+00:00
Spangineer	23	5	2005-06-16 17:23:24+00:00	2006-08-02 12:50:15+00:00
Murphy era un optimista	22	5	2005-02-11 16:14:23+00:00	2006-10-05 17:05:42+00:00
Revoluc	11	5	2011-07-28 17:24:08+00:00	2011-10-26 16:14:51+00:00
Banfield	7	5	2009-09-21 12:26:08+00:00	2013-03-20 18:18:08+00:00
Barrie~eswiki	5	5	2006-05-11 19:16:44+00:00	2006-06-29 21:37:38+00:00
Soljaguar	10	5	2013-04-11 09:32:47+00:00	2014-03-03 13:37:48+00:00
RoRo	9	5	2006-12-02 06:02:49+00:00	2014-07-03 14:31:32+00:00
MadriCR	6	5	2011-07-10 00:27:59+00:00	2020-07-21 05:14:09+00:00
Bucephala	35	5	2007-03-23 13:10:27+00:00	2011-02-11 09:49:16+00:00
Randomeldíos 213	7	5	2019-11-16 21:18:22+00:00	2020-05-25 02:45:34+00:00
Mahadeva	8	5	2006-11-27 20:51:03+00:00	2009-09-14 18:33:52+00:00
Doblecaña	11	5	2016-02-04 11:39:42+00:00	2016-02-20 12:35:05+00:00
Maleiva	9	5	2009-12-08 00:54:14+00:00	2013-06-23 04:51:02+00:00
Jurock	6	5	2007-05-21 21:59:51+00:00	2008-10-24 22:36:23+00:00
XVRT	58	5	2015-08-21 17:48:13+00:00	2016-10-07 17:55:48+00:00
Willtron	8	5	2006-01-19 22:59:45+00:00	2007-10-04 20:03:25+00:00
Pybalo	29	5	2004-09-02 05:35:40+00:00	2005-05-06 14:11:09+00:00
Vic Fede	7	5	2008-10-29 23:49:53+00:00	2008-11-23 07:36:45+00:00
Orgullomoore	60	5	2005-04-10 06:52:07+00:00	2006-08-04 01:40:01+00:00
JuanManwell	5	5	2014-02-06 13:12:24+00:00	2014-02-12 15:17:20+00:00
Kavanagh	5	5	2007-02-27 15:34:23+00:00	2012-05-23 20:21:02+00:00
Juan Villalobos	39	5	2018-02-03 18:36:51+00:00	2019-01-01 19:11:26+00:00
Locos epraix	10	5	2009-01-10 03:08:30+00:00	2012-03-28 02:35:20+00:00
Loco085	11	5	2005-10-22 00:23:06+00:00	2007-08-24 07:09:23+00:00
AnselmiJuan	11	5	2011-09-17 16:05:47+00:00	2017-08-12 17:24:24+00:00
Will vm	6	5	2007-11-16 15:29:42+00:00	2011-10-18 20:37:42+00:00
Vivero	43	5	2004-10-24 22:33:16+00:00	2007-05-20 14:42:23+00:00
Natrix	6	5	2005-04-17 02:56:33+00:00	2008-10-23 15:57:19+00:00
Ignacio2403	8	5	2018-07-01 19:54:42+00:00	2018-11-07 13:51:34+00:00
Pablo.ea.92	10	5	2008-02-06 20:42:40+00:00	2012-03-16 15:04:30+00:00
Poiche	7	4	2007-01-20 21:33:31+00:00	2011-09-07 18:35:42+00:00
KernelFreeze	8	4	2013-04-08 21:02:12+00:00	2018-05-04 23:12:49+00:00
Simon antonio 2009	7	4	2019-12-08 20:55:09+00:00	2020-04-07 17:04:41+00:00
Polinizador	4	4	2009-06-10 15:12:42+00:00	2018-03-17 15:51:19+00:00
Kirito	25	4	2014-11-16 05:35:31+00:00	2015-08-04 14:40:24+00:00
No digas nada	4	4	2009-08-18 02:01:03+00:00	2009-08-19 01:23:44+00:00
Porao	50	4	2005-08-22 00:54:04+00:00	2006-03-20 01:02:10+00:00
Desatonao	34	4	2005-02-07 18:10:17+00:00	2006-04-02 17:35:23+00:00
Beethoven	17	4	2005-07-11 18:54:05+00:00	2017-06-06 21:18:10+00:00
Bedwyr	7	4	2008-02-24 13:15:33+00:00	2013-05-13 19:04:26+00:00
Diego Godoy	4	4	2006-12-16 17:54:01+00:00	2007-04-05 03:25:21+00:00
LyingB	4	4	2009-04-13 00:03:16+00:00	2010-09-26 22:14:50+00:00
Queninosta	4	4	2007-05-07 21:19:44+00:00	2008-08-25 15:48:14+00:00
Qu3tzalc0atl5	7	4	2006-11-12 10:58:37+00:00	2006-11-12 12:38:09+00:00
Qoan	9	4	2009-02-09 14:19:48+00:00	2017-06-10 12:13:33+00:00
BL	6	4	2007-05-06 11:20:12+00:00	2008-03-09 16:35:10+00:00
EMans	5	4	2016-03-02 08:31:04+00:00	2018-03-21 02:06:24+00:00
Edgar	14	4	2002-01-11 01:36:12+00:00	2002-02-08 21:06:49+00:00
BlackBeast	5	4	2008-03-17 16:20:47+00:00	2015-10-31 21:51:35+00:00
Rosarinagazo	4	4	2006-08-02 00:52:40+00:00	2007-01-05 13:07:42+00:00
Sasquatch21	102	4	2005-09-24 05:13:54+00:00	2006-07-05 01:51:12+00:00
Marctaltor	5	4	2010-06-26 13:21:38+00:00	2011-06-09 23:37:40+00:00
Rowanwindwhistler	14	4	2012-10-22 18:13:18+00:00	2020-07-25 07:53:05+00:00
MarioFinale	7	4	2018-02-16 21:13:30+00:00	2019-12-01 18:40:31+00:00
ElegansEtFidelis	4	4	2017-03-20 22:24:51+00:00	2017-07-20 17:42:58+00:00
Ruiz	29	4	2004-03-13 02:43:14+00:00	2005-03-23 00:36:17+00:00
Elendaíl	16	4	2016-05-03 14:14:09+00:00	2018-01-24 22:51:52+00:00
Pownerus	5	4	2011-04-02 18:46:54+00:00	2013-05-18 18:30:54+00:00
Rutrus	5	4	2005-02-18 12:22:03+00:00	2006-11-23 02:19:52+00:00
Arjuno3	5	4	2014-04-22 23:58:51+00:00	2018-04-26 01:08:41+00:00
Emilio Herrero	15	4	2017-09-01 12:25:29+00:00	2017-12-11 18:47:35+00:00
SanchoPanzaXXI	4	4	2007-05-10 17:01:29+00:00	2009-02-06 17:05:40+00:00
Sonaes	5	4	2018-12-01 14:01:37+00:00	2020-07-28 08:42:24+00:00
Jorgechp	9	4	2006-02-02 15:50:06+00:00	2006-08-28 23:16:05+00:00
Ernestogon	4	4	2013-01-30 03:33:52+00:00	2013-02-14 00:44:32+00:00
Alexan	11	4	2005-06-04 00:54:14+00:00	2006-06-15 02:58:29+00:00
Mikemoore	11	4	2007-05-30 01:22:40+00:00	2007-06-05 05:43:14+00:00
Aleposta	4	4	2007-10-21 18:50:58+00:00	2011-09-05 01:38:32+00:00
Uvulum	12	4	2017-10-09 02:27:59+00:00	2019-11-26 06:17:10+00:00
Julian leonardo paez	5	4	2012-10-21 18:32:16+00:00	2020-07-07 06:20:39+00:00
Valadrem	6	4	2005-08-04 14:36:46+00:00	2005-10-28 18:37:56+00:00
VanKleinen	12	4	2007-07-21 18:36:12+00:00	2008-06-27 14:39:57+00:00
Vanbasten 23	6	4	2017-11-27 12:42:55+00:00	2020-05-17 18:15:50+00:00
Irbian	5	4	2009-09-15 11:01:16+00:00	2012-07-09 16:45:30+00:00
Pablo323	8	4	2008-08-25 01:55:37+00:00	2009-09-23 02:35:51+00:00
Al59	6	4	2007-04-23 21:53:44+00:00	2010-06-28 08:44:07+00:00
Walking Mind	46	4	2007-03-05 10:27:39+00:00	2007-09-22 15:00:06+00:00
Chien	7	4	2006-09-19 20:27:33+00:00	2008-03-08 07:25:38+00:00
WikiAnthony	25	4	2012-03-04 19:22:57+00:00	2019-08-07 23:11:47+00:00
Osado	8	4	2009-06-04 20:52:29+00:00	2017-11-18 07:39:00+00:00
DSan	13	4	2010-12-28 18:27:40+00:00	2016-10-01 23:07:17+00:00
GhalyBot	5	4	2010-06-18 17:51:01+00:00	2010-10-05 13:21:03+00:00
OboeCrack	7	4	2008-06-13 10:57:39+00:00	2009-07-17 00:13:03+00:00
HiW-Bot	4	4	2011-09-20 14:23:47+00:00	2011-09-21 12:56:20+00:00
OMenda	13	4	2005-06-26 21:04:11+00:00	2006-03-01 19:00:15+00:00
Crom	5	4	2006-08-22 18:24:51+00:00	2009-04-20 05:58:10+00:00
Graph+sas	19	4	2013-07-29 18:56:29+00:00	2019-12-03 15:48:18+00:00
Hanjin	10	4	2006-12-19 19:58:39+00:00	2008-05-01 12:19:35+00:00
Hampcky	15	4	2009-06-13 20:23:55+00:00	2018-09-05 18:56:23+00:00
ZrzlKing	9	4	2007-02-22 17:12:32+00:00	2008-01-06 23:37:56+00:00
5truenos	5	4	2012-03-16 18:12:10+00:00	2020-01-11 10:46:47+00:00
1969	10	4	2008-01-11 23:58:53+00:00	2008-10-03 00:08:55+00:00
Góngora	26	4	2007-06-01 12:53:21+00:00	2018-04-03 22:32:20+00:00
JOAN	6	4	2018-03-15 19:50:43+00:00	2020-05-28 03:15:37+00:00
Diotime	4	4	2008-04-09 18:55:53+00:00	2016-11-15 14:35:03+00:00
Carlitoslemon	6	4	2009-07-31 22:57:46+00:00	2009-08-19 15:15:37+00:00
Fergon	5	4	2006-02-04 22:23:50+00:00	2006-10-18 18:33:25+00:00
Mecamático	10	4	2010-07-29 19:20:15+00:00	2010-09-06 05:45:49+00:00
Suso de la Vega	12	4	2005-11-23 21:20:44+00:00	2008-04-25 22:25:26+00:00
Angel GN	6	4	2008-11-02 04:26:39+00:00	2010-04-08 01:14:04+00:00
Andrés Cortina	8	4	2005-05-01 00:11:28+00:00	2014-02-16 00:24:09+00:00
Tatvs	13	4	2007-05-11 23:46:48+00:00	2014-08-04 12:17:19+00:00
Taty2007	5	4	2009-12-14 16:33:22+00:00	2020-06-20 05:05:28+00:00
Jr JL	5	4	2015-02-22 00:17:52+00:00	2016-07-21 05:31:24+00:00
Johnbojaen	26	4	2005-07-30 15:59:37+00:00	2006-03-27 22:50:13+00:00
Mel 23	10	4	2009-04-22 16:11:16+00:00	2017-03-24 18:40:29+00:00
Jrmsegunda	7	4	2016-02-08 10:49:34+00:00	2019-05-13 21:19:26+00:00
Alpertron	7	4	2007-04-03 14:38:42+00:00	2012-06-24 15:38:27+00:00
Altorrijos	5	4	2011-10-29 14:04:45+00:00	2015-02-01 16:13:17+00:00
Canaan	14	4	2012-10-19 18:52:47+00:00	2020-04-26 16:44:05+00:00
DanielLZIraldo	7	4	2015-10-12 15:28:56+00:00	2016-05-28 18:03:26+00:00
JuanPaBJ16	6	4	2006-10-05 23:47:10+00:00	2006-11-03 22:58:09+00:00
Aliman5040	8	4	2005-09-17 01:01:45+00:00	2007-01-17 20:01:10+00:00
Splibubay	22	4	2010-05-24 12:52:25+00:00	2013-02-07 06:37:23+00:00
Josell2	6	4	2007-10-06 05:52:07+00:00	2008-08-25 23:01:19+00:00
Esceptic0	13	4	2011-09-04 14:51:20+00:00	2015-10-22 19:03:05+00:00
Bradford	9	3	2018-07-15 00:40:53+00:00	2020-05-16 15:00:19+00:00
Nglp45	6	3	2010-05-16 16:37:24+00:00	2012-08-29 21:45:52+00:00
Nickel Spider	4	3	2005-01-09 16:16:20+00:00	2005-04-07 01:38:26+00:00
Gustavo Girardelli	4	3	2014-12-30 01:43:12+00:00	2015-04-12 23:58:52+00:00
R2D2Art2005	11	3	2006-06-17 01:09:25+00:00	2006-09-16 00:17:16+00:00
R0MAN0	9	3	2009-11-16 18:48:02+00:00	2013-03-21 16:00:22+00:00
Cmontero	3	3	2010-12-22 12:10:55+00:00	2011-01-18 12:47:22+00:00
Niceforo	14	3	2004-03-02 21:33:23+00:00	2004-03-23 22:50:44+00:00
Chiton magnificus	9	3	2012-03-06 14:07:59+00:00	2012-05-02 02:12:29+00:00
Cipión	5	3	2007-03-16 13:32:26+00:00	2007-09-19 17:30:06+00:00
Ciencia Al Poder	3	3	2006-01-09 10:56:52+00:00	2006-10-01 07:15:27+00:00
Prismo345	4	3	2017-09-04 21:15:30+00:00	2017-09-23 20:30:07+00:00
Pompilos	5	3	2011-10-31 22:50:16+00:00	2018-11-11 21:11:50+00:00
Butoro	16	3	2014-04-26 06:58:15+00:00	2020-06-16 16:56:04+00:00
Oxydo~eswiki	3	3	2005-06-04 12:00:02+00:00	2006-09-13 07:49:51+00:00
PhJ	3	3	2007-09-19 12:31:55+00:00	2008-10-27 14:39:33+00:00
Cerato	8	3	2008-03-15 20:10:29+00:00	2008-04-26 04:33:15+00:00
Pan con queso	3	3	2007-12-22 21:25:04+00:00	2007-12-27 23:39:32+00:00
CHV	3	3	2006-03-18 23:44:27+00:00	2006-03-29 21:25:31+00:00
Pepepotamo93	5	3	2005-09-11 11:45:19+00:00	2005-10-30 19:58:07+00:00
Pepelopex	4	3	2007-10-12 21:17:42+00:00	2007-10-23 16:03:31+00:00
Carlos Halliwell	5	3	2008-04-22 02:11:18+00:00	2008-04-23 02:16:28+00:00
Papix	15	3	2005-08-12 22:09:45+00:00	2009-09-02 19:37:31+00:00
Shalbat	3	3	2012-07-05 11:52:57+00:00	2015-03-18 10:29:39+00:00
Raimundo Pastor	5	3	2011-04-07 20:56:40+00:00	2013-05-24 23:42:10+00:00
Uvas magicas	8	3	2016-11-18 00:51:20+00:00	2017-03-07 23:39:47+00:00
Ale flashero	3	3	2007-09-22 18:41:09+00:00	2008-01-25 17:19:48+00:00
VictorPines	7	3	2014-05-25 20:46:28+00:00	2015-08-27 22:28:15+00:00
AleD	4	3	2012-03-17 15:53:03+00:00	2013-04-17 20:14:09+00:00
Veltys	6	3	2008-04-27 20:02:29+00:00	2009-12-03 22:45:28+00:00
Aleator	3	3	2006-07-01 16:52:53+00:00	2007-08-13 13:47:12+00:00
Alejandrosanchez	10	3	2006-08-09 02:39:43+00:00	2007-06-10 18:37:06+00:00
Alelapenya	3	3	2013-01-02 20:59:33+00:00	2017-03-05 00:15:22+00:00
Ramon00	3	3	2013-02-16 08:40:15+00:00	2015-02-15 02:46:54+00:00
Truor	3	3	2006-03-22 19:21:17+00:00	2008-06-13 12:00:53+00:00
AlguzarA	4	3	2008-09-21 03:29:14+00:00	2008-10-14 17:00:32+00:00
AlienDragon	6	3	2008-11-03 22:33:16+00:00	2009-03-04 17:43:55+00:00
Tramullas	6	3	2016-01-06 11:03:37+00:00	2018-12-24 15:05:40+00:00
Totemkin	4	3	2014-02-25 22:20:21+00:00	2014-10-10 18:33:12+00:00
ToePeu.bot	3	3	2007-09-20 10:51:24+00:00	2007-09-20 11:07:33+00:00
Aitorembe	6	3	2017-09-16 21:35:17+00:00	2020-07-06 19:51:58+00:00
Wikiléptico	3	3	2011-04-28 21:56:49+00:00	2011-05-07 14:29:42+00:00
Airwolf	4	3	2007-06-14 21:21:05+00:00	2007-10-28 21:48:31+00:00
Wikiwikiman28	4	3	2018-11-25 09:54:16+00:00	2019-05-10 20:36:28+00:00
Wricardoh	37	3	2004-11-15 14:18:32+00:00	2006-03-21 08:39:33+00:00
Afilador	8	3	2008-02-15 18:47:47+00:00	2010-02-20 19:19:00+00:00
Adrruiz	3	3	2006-03-25 13:02:33+00:00	2018-09-02 14:58:28+00:00
Addicted04	3	3	2010-09-03 23:46:44+00:00	2019-01-10 17:59:31+00:00
Yonderboy	8	3	2006-05-25 17:19:22+00:00	2007-09-28 20:03:14+00:00
Youssefsan	11	3	2002-11-30 03:42:42+00:00	2003-12-07 06:24:44+00:00
Ypacaraí	3	3	2005-03-08 07:54:14+00:00	2005-08-20 08:20:05+00:00
Aalvarez12	4	3	2007-04-10 23:30:57+00:00	2007-07-05 17:51:04+00:00
@IE	14	3	2006-04-11 14:03:40+00:00	2006-06-02 19:09:19+00:00
Zero spartan	3	3	2008-09-13 08:00:19+00:00	2011-10-02 20:11:48+00:00
9a	3	3	2014-08-02 23:13:12+00:00	2014-08-06 23:40:45+00:00
672	4	3	2007-11-29 19:21:42+00:00	2008-08-10 02:10:56+00:00
Ál	3	3	2006-05-14 19:39:03+00:00	2019-03-27 06:56:27+00:00
Tico~eswiki	29	3	2005-04-30 04:17:22+00:00	2006-02-25 16:58:13+00:00
TheWikiContributor	5	3	2016-12-06 15:21:34+00:00	2017-04-14 18:59:56+00:00
AlvaroMolina	6	3	2016-04-22 00:16:11+00:00	2016-04-22 23:56:44+00:00
SRuizR	19	3	2019-08-10 18:54:25+00:00	2020-07-17 01:02:38+00:00
Bcoto	3	3	2020-07-01 04:35:43+00:00	2020-07-20 03:19:32+00:00
Raulshc	4	3	2011-01-19 17:39:32+00:00	2011-12-30 23:29:44+00:00
Barth123	3	3	2009-03-23 20:13:41+00:00	2009-05-17 19:39:40+00:00
Rjelves	3	3	2009-07-05 19:37:36+00:00	2019-12-19 21:37:57+00:00
RobAn	16	3	2006-05-02 02:04:59+00:00	2007-12-10 19:43:07+00:00
Robert Laymont	6	3	2014-01-24 11:32:53+00:00	2014-07-22 15:32:00+00:00
Rodrigouf	48	3	2005-06-15 23:39:21+00:00	2011-03-23 21:40:25+00:00
Avm	6	3	2004-09-12 17:10:57+00:00	2005-06-18 23:26:56+00:00
Romero Schmidtke	5	3	2003-09-03 09:24:21+00:00	2004-10-21 16:54:24+00:00
Autodidacta2	9	3	2008-12-30 23:12:45+00:00	2009-04-01 06:01:34+00:00
Rousseau Diderot	4	3	2016-04-25 15:31:13+00:00	2016-07-05 03:37:24+00:00
RoyFokker	4	3	2009-09-01 08:35:12+00:00	2011-09-13 14:49:16+00:00
Rubén Darío Cerna Mendoza	8	3	2016-05-26 14:02:25+00:00	2016-06-04 16:13:46+00:00
Rulo Garcia	8	3	2012-06-11 00:07:49+00:00	2012-09-20 21:00:24+00:00
Salton2	13	3	2019-09-15 10:47:33+00:00	2019-09-21 07:47:12+00:00
Tenan	3	3	2015-11-28 18:18:26+00:00	2017-03-22 08:43:10+00:00
Sammy pompon	3	3	2011-12-21 14:16:37+00:00	2012-07-09 15:49:56+00:00
Segavi	6	3	2007-01-18 19:46:00+00:00	2007-02-25 02:01:48+00:00
Sennheiser	5	3	2010-03-20 19:26:09+00:00	2010-05-24 07:49:12+00:00
Ansemolu	7	3	2012-09-12 01:44:01+00:00	2012-12-01 02:30:10+00:00
Shombay	6	3	2006-07-28 00:35:15+00:00	2007-06-27 02:10:17+00:00
Silvae	7	3	2007-06-13 12:59:42+00:00	2007-06-13 13:47:38+00:00
Soulreaper	3	3	2010-02-04 01:21:40+00:00	2020-07-14 16:56:04+00:00
Angel.F	3	3	2006-10-29 01:27:02+00:00	2007-04-02 00:26:59+00:00
Su Majestad	9	3	2006-11-19 00:24:41+00:00	2006-12-08 17:29:13+00:00
AnelGTR	8	3	2009-03-09 22:00:35+00:00	2012-01-07 02:55:42+00:00
Analiza	40	3	2007-09-25 10:22:25+00:00	2007-12-01 01:34:49+00:00
Tanoli.pashton	5	3	2008-04-26 19:35:34+00:00	2008-04-28 11:33:38+00:00
Tecsie	8	3	2013-07-01 21:49:09+00:00	2015-07-19 00:09:57+00:00
TeleMania	3	3	2013-03-03 20:52:59+00:00	2014-06-30 13:55:41+00:00
Cotelani	10	3	2016-05-27 21:33:55+00:00	2017-10-10 14:12:16+00:00
Gustavo Parker	3	3	2012-07-23 01:27:08+00:00	2012-10-27 20:40:11+00:00
Elstef41	3	3	2017-01-27 00:19:09+00:00	2017-02-24 23:13:40+00:00
Mega-buses	6	3	2012-11-03 18:22:18+00:00	2014-08-24 01:39:26+00:00
Emmanuelleon	7	3	2018-05-11 14:18:25+00:00	2020-01-15 06:06:11+00:00
Emiduronte	3	3	2011-03-06 15:17:42+00:00	2011-06-12 22:25:14+00:00
Laberinto16	3	3	2014-05-31 22:24:54+00:00	2016-01-19 03:31:57+00:00
Lancaster	4	3	2006-03-27 03:53:25+00:00	2007-02-23 14:03:05+00:00
Lasai	3	3	2006-08-19 00:53:08+00:00	2006-08-27 09:19:15+00:00
Elisardojm	6	3	2007-04-07 12:58:22+00:00	2010-09-07 10:01:38+00:00
Leonprimer	3	3	2015-04-22 20:10:17+00:00	2018-11-27 03:03:47+00:00
El loko	3	3	2006-07-31 15:07:36+00:00	2007-04-12 19:35:21+00:00
El Ayudante	5	3	2015-09-16 15:05:53+00:00	2019-10-21 22:54:47+00:00
Lionni	3	3	2007-01-22 12:58:51+00:00	2007-02-03 09:35:14+00:00
Lizzie Rivera	3	3	2007-06-23 21:56:48+00:00	2007-10-18 23:13:09+00:00
LocoMaN	3	3	2006-03-19 20:49:54+00:00	2006-03-24 05:03:03+00:00
Lost in subtitles	4	3	2020-01-21 17:43:37+00:00	2020-04-23 16:26:01+00:00
Luis1970	5	3	2009-03-18 22:45:03+00:00	2012-07-07 01:32:54+00:00
M.A.M.E.-Marcos moreno	10	3	2010-06-12 01:14:18+00:00	2010-06-29 23:55:30+00:00
MI GENERAL ZAPATA	12	3	2005-09-19 05:53:26+00:00	2017-08-12 00:38:52+00:00
DorganBot	3	3	2007-12-30 12:22:02+00:00	2008-07-04 11:15:24+00:00
Macy	4	3	2008-12-31 20:32:15+00:00	2009-03-02 22:00:29+00:00
Don Albano	12	3	2009-06-19 20:18:25+00:00	2013-01-29 17:01:20+00:00
Mahey94	8	3	2007-02-10 17:07:31+00:00	2008-06-09 14:03:29+00:00
Diánmondin	3	3	2015-02-04 07:10:29+00:00	2016-08-01 05:49:54+00:00
Marco94	3	3	2007-04-02 00:31:16+00:00	2007-05-21 22:19:13+00:00
Marta.866	5	3	2010-08-25 15:35:20+00:00	2012-11-07 09:50:31+00:00
Martínhache	4	3	2006-10-19 01:07:03+00:00	2007-03-19 17:37:10+00:00
Davidge	22	3	2005-02-08 23:45:10+00:00	2006-12-26 06:03:06+00:00
Enric Naval	5	3	2004-09-10 15:55:17+00:00	2008-04-02 20:32:12+00:00
Kmaster	4	3	2008-10-22 04:06:03+00:00	2009-07-22 05:08:10+00:00
Kazem	23	3	2005-11-07 00:30:17+00:00	2006-02-28 09:20:19+00:00
Imperator-Kaiser	5	3	2010-11-29 17:28:18+00:00	2013-10-22 13:24:55+00:00
HannaTheKitty12	6	3	2016-01-19 03:22:39+00:00	2016-03-29 00:22:19+00:00
Grizzly Sigma	3	3	2007-03-11 12:04:22+00:00	2007-05-08 10:57:45+00:00
Helmy oved	3	3	2012-06-11 04:20:15+00:00	2015-04-12 19:19:57+00:00
HermanHn	5	3	2010-04-06 01:41:19+00:00	2011-12-05 20:16:17+00:00
HijodeOdin	4	3	2007-05-09 03:48:56+00:00	2007-05-28 22:28:25+00:00
Gorpik	3	3	2017-09-07 07:51:31+00:00	2018-09-05 06:37:31+00:00
Gilwellian	6	3	2010-06-22 12:47:49+00:00	2010-10-28 09:13:04+00:00
Gerkijel	6	3	2005-11-19 04:03:11+00:00	2006-07-12 11:22:37+00:00
Iggoul2	4	3	2013-05-09 18:02:55+00:00	2013-07-24 21:49:54+00:00
Gato Preto	3	3	2015-08-14 23:24:12+00:00	2016-09-07 17:59:25+00:00
Galahad	3	3	2011-09-19 21:57:22+00:00	2012-09-15 02:32:12+00:00
Infiernonegro	3	3	2013-10-01 19:35:13+00:00	2013-10-02 02:09:20+00:00
Jorgebarrios	6	3	2008-04-10 13:24:52+00:00	2013-09-11 19:12:04+00:00
Ivanhercaz	4	3	2017-03-30 00:07:57+00:00	2019-04-28 02:53:21+00:00
JMPerez	14	3	2005-07-27 09:25:24+00:00	2006-06-26 21:32:23+00:00
Jaluj	7	3	2014-02-25 12:56:44+00:00	2017-11-25 21:31:22+00:00
Flakinho	15	3	2010-02-04 22:22:51+00:00	2010-07-20 23:02:15+00:00
Filósofa500	3	3	2007-12-07 21:40:28+00:00	2008-02-16 18:37:56+00:00
Javierito92	3	3	2009-04-12 20:50:51+00:00	2009-11-28 09:39:13+00:00
Jdiazch	7	3	2005-02-20 10:08:15+00:00	2006-02-25 14:10:49+00:00
Fernando2812l	4	3	2016-02-27 21:21:19+00:00	2017-06-24 06:10:45+00:00
Fernando H	6	3	2008-05-26 20:51:10+00:00	2009-05-01 12:03:17+00:00
Jondel	6	3	2005-04-10 07:01:07+00:00	2005-10-13 02:05:57+00:00
Fadesga	3	3	2010-04-15 13:35:54+00:00	2011-08-08 02:34:22+00:00
Mauron	13	3	2006-09-12 23:46:11+00:00	2008-04-13 14:21:26+00:00
לערי ריינהארט	8	3	2005-03-20 11:19:27+00:00	2005-04-26 00:28:38+00:00
Danyel3096	14	3	2015-10-23 23:49:39+00:00	2017-09-03 20:19:11+00:00
Mirko García Velez	11	3	2014-12-02 02:06:13+00:00	2015-03-01 20:09:20+00:00
DanielAlba15	5	3	2019-06-16 04:16:38+00:00	2019-07-09 05:00:24+00:00
MexTDT	5	3	2016-09-07 15:07:39+00:00	2018-07-10 21:13:14+00:00
Mnts	21	3	2005-04-12 06:54:07+00:00	2006-04-20 05:40:20+00:00
MrCharro	18	3	2014-07-01 22:57:25+00:00	2015-02-19 20:01:10+00:00
David	11	3	2008-09-05 00:25:12+00:00	2008-10-29 19:17:53+00:00
Crystallizedcarbon	8	3	2015-03-12 22:02:31+00:00	2017-10-02 06:42:58+00:00
Daniel G.	6	3	2005-08-26 03:02:54+00:00	2005-11-09 03:37:29+00:00
Mjoseph	10	3	2005-04-16 16:46:09+00:00	2006-02-12 21:10:54+00:00
NZF	7	3	2012-09-23 23:48:02+00:00	2018-01-12 03:04:23+00:00
MercurioMT	3	3	2012-06-03 04:52:33+00:00	2014-09-25 00:13:33+00:00
Dangarcia	12	3	2006-02-26 13:42:20+00:00	2007-04-04 20:26:20+00:00
Mjbmrbot	3	3	2010-12-06 18:04:54+00:00	2011-01-27 18:23:38+00:00
Miguel	3	3	2008-02-10 14:49:02+00:00	2008-11-20 15:59:12+00:00
Mpeinadopa	3	3	2006-10-17 17:31:35+00:00	2007-10-22 21:27:27+00:00
Jaunetajabe	48	2	2014-12-29 00:17:57+00:00	2015-06-07 18:58:20+00:00
TuringTest	5	2	2006-01-10 22:48:03+00:00	2006-01-10 23:18:58+00:00
Fito hg	3	2	2005-04-08 21:18:21+00:00	2005-04-21 22:16:53+00:00
Nuk3n	9	2	2019-03-09 00:09:01+00:00	2019-03-14 23:03:42+00:00
Claudieg	14	2	2018-03-30 02:34:44+00:00	2020-07-28 23:30:30+00:00
Nolaiz	4	2	2006-10-23 01:40:38+00:00	2006-10-23 01:47:50+00:00
Phdmiquel	13	2	2008-09-03 12:37:41+00:00	2010-02-25 13:54:55+00:00
Alex Filth	4	2	2012-06-18 23:56:51+00:00	2012-07-22 21:48:39+00:00
Forza4	7	2	2006-01-16 21:05:17+00:00	2006-01-17 16:22:04+00:00
JGRG	4	2	2020-06-13 18:38:25+00:00	2020-07-16 00:00:23+00:00
Figuerai	3	2	2008-03-25 15:02:49+00:00	2010-06-30 12:04:17+00:00
JAGT	4	2	2006-04-16 12:39:07+00:00	2006-04-20 12:24:18+00:00
Un Mercenario	4	2	2007-07-09 16:56:20+00:00	2007-07-20 22:07:43+00:00
Unf	6	2	2005-09-28 02:18:38+00:00	2005-12-13 07:44:12+00:00
Unificacion	3	2	2006-09-19 16:10:21+00:00	2008-08-15 17:24:03+00:00
JABO	3	2	2012-09-16 00:45:35+00:00	2012-10-14 02:47:50+00:00
Ivanics	3	2	2012-07-04 09:02:13+00:00	2014-03-21 20:11:57+00:00
Fr2002	6	2	2016-05-13 20:09:12+00:00	2016-10-04 00:50:37+00:00
Alejandro24	3	2	2006-04-05 01:32:08+00:00	2006-05-27 21:19:03+00:00
JaviPrieto	3	2	2017-06-02 21:50:06+00:00	2018-06-10 16:33:23+00:00
Fibonacci	5	2	2006-06-26 02:06:54+00:00	2006-07-24 00:37:06+00:00
JavierCantero	6	2	2005-03-21 09:55:18+00:00	2019-03-13 23:17:44+00:00
DIGESOC	5	2	2013-12-29 20:35:17+00:00	2015-08-06 08:49:09+00:00
Josemoya	5	2	2004-05-21 14:42:25+00:00	2004-05-29 12:41:47+00:00
Super Dromaeosaurus	4	2	2016-10-06 15:31:57+00:00	2017-10-12 11:39:40+00:00
Espadas	4	2	2005-08-26 18:23:28+00:00	2005-09-10 08:24:45+00:00
Estilo61	3	2	2020-04-19 18:52:56+00:00	2020-05-09 16:33:53+00:00
Tabla	8	2	2006-03-29 20:12:27+00:00	2006-08-10 12:45:18+00:00
Jorgejhms	3	2	2006-03-31 00:10:35+00:00	2008-01-21 03:52:31+00:00
Takashi kurita	3	2	2011-06-10 10:57:22+00:00	2012-01-20 15:34:11+00:00
Chocid	4	2	2007-05-02 22:09:34+00:00	2007-05-28 11:07:09+00:00
Chrisyagami	3	2	2011-11-30 16:12:16+00:00	2011-12-05 06:14:36+00:00
Anagnorisis	18	2	2006-03-29 15:26:17+00:00	2006-05-09 21:01:13+00:00
Jordiferrer	27	2	2011-06-27 11:33:00+00:00	2012-06-11 22:23:56+00:00
Ohtokiani	3	2	2007-05-17 10:17:39+00:00	2007-05-17 10:21:10+00:00
Teby 95	3	2	2010-03-02 00:31:17+00:00	2010-03-05 21:30:42+00:00
Ampersand &	3	2	2010-05-22 23:09:17+00:00	2011-05-29 20:27:55+00:00
Fajro	3	2	2004-08-20 21:44:19+00:00	2005-12-17 09:44:06+00:00
Teknomegisto	5	2	2006-09-13 07:45:33+00:00	2006-09-13 12:41:22+00:00
Fermuch	4	2	2014-09-30 07:19:42+00:00	2014-09-30 15:42:00+00:00
DLeandroc	4	2	2012-11-06 00:58:38+00:00	2013-07-18 21:32:28+00:00
Thaliayo	4	2	2011-08-05 01:09:53+00:00	2011-09-19 20:43:35+00:00
Jfbu	4	2	2017-02-02 16:26:53+00:00	2017-06-19 08:08:36+00:00
Jechuson2007	4	2	2007-01-05 21:27:11+00:00	2007-02-26 19:52:04+00:00
Oblongo	11	2	2010-10-15 10:30:45+00:00	2019-10-23 16:32:36+00:00
Jcastp	10	2	2005-07-23 10:28:33+00:00	2005-07-24 09:15:21+00:00
Jax 0677	4	2	2012-07-01 20:22:40+00:00	2012-07-04 16:08:10+00:00
Francisco Vinader Montaner	3	2	2019-10-27 04:22:44+00:00	2019-11-16 00:27:55+00:00
Isabelion	3	2	2010-04-18 11:43:23+00:00	2010-04-18 12:42:44+00:00
Iho jose	15	2	2013-11-12 23:38:50+00:00	2013-11-16 00:06:43+00:00
Covi	3	2	2010-10-24 14:54:04+00:00	2012-05-15 01:40:02+00:00
Inefable001	15	2	2012-01-04 19:25:10+00:00	2012-03-26 06:16:49+00:00
AdriánnnIII	5	2	2010-10-20 18:23:13+00:00	2010-10-21 15:08:49+00:00
YahirAlejandroSaavedraGallardo	5	2	2014-04-27 23:13:35+00:00	2014-06-02 00:15:27+00:00
Nachosan	4	2	2015-11-03 01:00:49+00:00	2019-03-23 23:34:52+00:00
Yamaplos	6	2	2020-06-05 22:12:48+00:00	2020-06-06 18:31:47+00:00
Yavidaxiu	18	2	2006-03-02 05:05:27+00:00	2012-01-25 06:05:32+00:00
Granvela	3	2	2007-08-26 17:08:07+00:00	2007-11-10 20:39:49+00:00
Nail	3	2	2007-02-02 04:38:42+00:00	2007-02-02 04:49:53+00:00
Netzahualcoyotl	6	2	2004-12-31 02:06:47+00:00	2006-02-04 16:58:31+00:00
Cornava~eswiki	6	2	2005-03-22 12:37:18+00:00	2005-11-16 19:28:55+00:00
Heavyrock	4	2	2006-03-03 03:21:51+00:00	2008-08-11 10:07:03+00:00
Zanaqo	5	2	2006-07-27 21:22:37+00:00	2006-08-29 13:10:25+00:00
Zaxxon0	3	2	2019-05-28 14:24:57+00:00	2019-05-28 14:27:34+00:00
HeKeIsDa	7	2	2003-11-10 02:11:06+00:00	2003-11-22 20:07:37+00:00
Naitsirk	5	2	2007-06-09 02:33:25+00:00	2007-12-19 17:43:36+00:00
Zeroth	5	2	2007-11-14 00:14:30+00:00	2012-08-08 20:33:09+00:00
Zorak	9	2	2004-08-27 12:42:17+00:00	2005-06-08 13:18:33+00:00
Neolari	6	2	2008-11-23 07:00:53+00:00	2008-11-23 07:36:03+00:00
Guillecaballero 4	3	2	2006-02-28 17:33:37+00:00	2006-02-28 17:36:24+00:00
Haitike	12	2	2006-01-31 15:09:51+00:00	2006-06-18 19:23:55+00:00
Zyder	3	2	2007-12-30 18:28:13+00:00	2008-02-04 19:55:49+00:00
Gundy	6	2	2007-06-03 18:53:52+00:00	2007-07-05 14:16:10+00:00
HMC.Puebla	5	2	2011-07-04 17:26:25+00:00	2013-03-06 20:26:40+00:00
Álvaro846	18	2	2019-07-17 22:33:08+00:00	2020-07-12 01:23:46+00:00
2x2leax	3	2	2016-06-06 22:33:32+00:00	2017-05-25 20:25:16+00:00
Götz	5	2	2013-02-15 00:23:45+00:00	2014-01-16 20:55:22+00:00
Hispano76	3	2	2018-07-19 15:21:54+00:00	2020-06-20 16:13:50+00:00
Gmagno	9	2	2006-03-10 04:00:22+00:00	2006-07-08 19:04:06+00:00
Afroditax100pre	3	2	2006-08-02 23:15:33+00:00	2006-08-02 23:18:52+00:00
Walter dolorier	6	2	2006-10-22 04:40:05+00:00	2006-10-22 04:42:43+00:00
Comu nacho	3	2	2008-04-25 20:32:38+00:00	2009-03-26 19:01:04+00:00
Juamax	4	2	2016-04-28 09:43:51+00:00	2017-04-25 11:14:18+00:00
Victor Gibby	3	2	2018-07-03 16:42:10+00:00	2020-02-27 20:31:46+00:00
Ihavenomouth	3	2	2004-08-20 13:29:41+00:00	2005-06-01 16:16:21+00:00
Viejo maxi	4	2	2007-08-21 20:31:42+00:00	2007-11-11 21:35:33+00:00
Cootsteary	5	2	2018-07-19 15:04:25+00:00	2018-07-19 15:22:30+00:00
Alberto Salguero	26	2	2005-02-15 20:06:55+00:00	2006-02-25 17:46:09+00:00
Nicolas230699	8	2	2018-06-24 23:04:53+00:00	2018-06-24 23:17:59+00:00
Nico8A	5	2	2015-01-09 16:56:35+00:00	2015-10-20 17:43:22+00:00
George McFinnigan	27	2	2005-10-30 09:42:19+00:00	2006-02-25 13:28:42+00:00
Walter Ching~eswiki	3	2	2006-01-20 06:57:40+00:00	2006-01-23 09:49:54+00:00
Walterzum	4	2	2007-02-28 00:34:10+00:00	2007-12-26 12:08:51+00:00
Agguizar	6	2	2005-04-27 00:13:25+00:00	2006-01-26 01:43:16+00:00
Gerardo Noriega	6	2	2011-06-16 23:01:47+00:00	2018-10-02 22:40:33+00:00
Humberto del Torrejón	5	2	2013-08-11 03:38:27+00:00	2014-08-27 23:35:42+00:00
Nico89abc	3	2	2008-10-19 21:40:24+00:00	2008-10-19 21:41:49+00:00
Humbefa	3	2	2017-10-27 10:27:23+00:00	2020-03-23 15:37:41+00:00
Hugo Mosh	3	2	2007-05-30 00:00:18+00:00	2007-07-31 06:14:27+00:00
Aiax	9	2	2006-01-06 04:01:51+00:00	2006-01-15 23:55:18+00:00
Hugo López	8	2	2005-05-09 19:09:19+00:00	2006-03-07 16:22:52+00:00
Gherm	7	2	2012-04-23 00:46:42+00:00	2012-10-28 02:07:06+00:00
WilmaHernandez	8	2	2007-11-18 22:27:11+00:00	2007-11-19 12:21:33+00:00
NachoBen	3	2	2002-02-03 00:00:00+00:00	2002-02-03 00:06:16+00:00
Glendininng	3	2	2008-11-24 00:58:12+00:00	2008-12-27 18:49:47+00:00
José.	5	2	2007-08-08 00:12:54+00:00	2016-06-08 00:28:18+00:00
KErosEnE	9	2	2006-02-02 06:59:44+00:00	2006-09-01 00:59:01+00:00
Stardust	8	2	2007-04-26 09:28:06+00:00	2008-02-01 09:03:02+00:00
Macalla	3	2	2008-07-26 21:00:57+00:00	2008-07-26 21:32:57+00:00
Dimartz	3	2	2020-02-23 00:21:25+00:00	2020-05-03 02:44:26+00:00
Diogeneselcinico42	3	2	2008-12-28 23:12:04+00:00	2009-06-24 19:07:14+00:00
Raderich	7	2	2018-06-17 11:08:10+00:00	2018-07-18 21:33:27+00:00
Caiser	7	2	2005-04-28 21:06:07+00:00	2005-09-23 23:23:50+00:00
Cambalachero	3	2	2016-12-27 16:15:09+00:00	2016-12-29 12:38:41+00:00
Randroide~eswiki	27	2	2006-03-29 15:35:33+00:00	2006-04-15 13:02:16+00:00
Randyc	4	2	2003-06-30 04:25:29+00:00	2003-07-14 13:47:43+00:00
Dondervogel 2	59	2	2012-10-06 13:06:08+00:00	2013-12-30 15:10:47+00:00
Miguel.lima	3	2	2008-07-08 08:53:09+00:00	2008-07-08 13:42:57+00:00
Basilicofresco	4	2	2013-05-31 17:48:36+00:00	2016-09-08 05:57:48+00:00
Pedrero	4	2	2007-11-30 03:36:02+00:00	2007-11-30 04:13:55+00:00
MIRKO GARCIA	5	2	2014-08-20 19:51:32+00:00	2014-08-24 01:34:56+00:00
Ave César Filito	7	2	2011-01-24 21:01:14+00:00	2011-06-13 02:03:03+00:00
Barri	6	2	2012-02-13 23:15:40+00:00	2015-05-22 02:25:42+00:00
MASTERMATES	5	2	2016-01-14 15:11:52+00:00	2016-10-30 11:38:38+00:00
Mikkeysaiints	4	2	2015-09-17 05:00:20+00:00	2015-09-17 05:20:23+00:00
Bagratun	4	2	2011-06-07 07:16:30+00:00	2017-08-04 00:54:24+00:00
Luitalia	4	2	2018-05-22 01:22:48+00:00	2018-06-13 23:03:21+00:00
Luisfege	3	2	2009-10-03 23:54:00+00:00	2015-07-18 07:18:22+00:00
Dropzink	7	2	2007-02-23 03:23:11+00:00	2007-03-19 11:10:12+00:00
E4024	5	2	2014-07-07 13:16:27+00:00	2014-07-18 15:43:55+00:00
Parras	4	2	2007-02-17 12:30:20+00:00	2007-03-13 15:19:55+00:00
Axel gh07	4	2	2007-05-31 14:33:55+00:00	2007-07-15 20:56:58+00:00
Lnegro	4	2	2011-06-15 23:30:58+00:00	2013-01-11 00:50:07+00:00
Digigalos	3	2	2007-06-30 21:29:22+00:00	2007-11-05 09:56:58+00:00
Belb	3	2	2007-08-14 14:38:44+00:00	2007-08-18 20:04:24+00:00
Benjavalero	8	2	2014-09-23 09:28:06+00:00	2016-01-08 08:16:39+00:00
Diamondland	13	2	2013-04-04 08:49:45+00:00	2013-10-06 09:57:50+00:00
David Jr.	14	2	2012-01-06 00:46:50+00:00	2013-01-02 00:34:42+00:00
C. Jonel	12	2	2015-02-07 21:09:56+00:00	2016-02-04 14:14:44+00:00
Mel D'artagnan	6	2	2008-01-09 19:55:41+00:00	2008-05-28 19:57:14+00:00
Pingüi06	10	2	2007-02-27 17:35:04+00:00	2007-05-03 19:13:37+00:00
Pino	13	2	2004-06-22 21:17:09+00:00	2006-03-30 22:35:48+00:00
Mega super editorman	3	2	2019-01-16 00:31:43+00:00	2019-01-25 02:06:49+00:00
Pjimenez	7	2	2005-03-29 23:15:10+00:00	2006-01-03 23:12:06+00:00
Mazbel	5	2	2014-04-26 21:34:49+00:00	2014-05-19 04:11:23+00:00
Maximo88	5	2	2016-04-02 09:00:52+00:00	2018-10-09 00:28:19+00:00
Maulucioni	7	2	2012-11-08 05:02:41+00:00	2020-04-22 01:23:36+00:00
David Perez	6	2	2011-02-12 09:03:15+00:00	2012-04-05 16:14:42+00:00
Petogo	3	2	2007-11-13 13:12:59+00:00	2007-11-15 14:14:57+00:00
Pertile	6	2	2006-04-22 00:21:31+00:00	2018-12-17 23:46:13+00:00
Martin Rizzo	7	2	2006-07-15 17:47:18+00:00	2007-08-26 17:51:46+00:00
Prades	3	2	2006-03-21 17:24:22+00:00	2012-05-18 11:10:11+00:00
Bostok I	3	2	2006-03-26 23:41:23+00:00	2006-07-05 12:36:38+00:00
Marquitox~eswiki	3	2	2013-03-14 11:43:06+00:00	2013-03-31 03:05:25+00:00
Profident	11	2	2011-01-31 01:12:56+00:00	2011-02-02 13:23:55+00:00
Bolt58	6	2	2010-03-22 00:03:47+00:00	2010-07-24 06:43:41+00:00
Purodha	3	2	2007-12-11 19:01:06+00:00	2008-01-23 01:34:57+00:00
Desconocido 12	3	2	2018-09-25 21:31:02+00:00	2018-09-25 21:33:45+00:00
MaratRevolution	4	2	2008-08-09 22:18:26+00:00	2008-08-21 20:37:13+00:00
Desmond	3	2	2008-04-03 14:06:51+00:00	2008-06-28 15:19:25+00:00
Edwod2001	3	2	2010-02-02 16:11:11+00:00	2010-11-14 22:42:21+00:00
Palomasoy	3	2	2007-04-09 17:22:36+00:00	2007-04-09 17:44:50+00:00
Erodrigufer	4	2	2007-06-27 22:00:41+00:00	2007-07-18 20:30:40+00:00
Kegelschnitt	10	2	2019-10-26 14:52:45+00:00	2020-01-11 21:53:08+00:00
Schummy	29	2	2005-04-29 03:10:46+00:00	2006-12-31 16:34:53+00:00
Sebasgs	7	2	2007-05-15 21:01:07+00:00	2012-02-05 09:12:07+00:00
Sebastián Arena	4	2	2011-01-06 21:49:42+00:00	2013-12-18 23:31:10+00:00
Sedn	4	2	2012-06-26 01:42:30+00:00	2012-07-04 10:02:48+00:00
Kojie	3	2	2006-10-04 19:00:18+00:00	2007-04-07 23:07:04+00:00
Sergio Yinyang	5	2	2007-02-23 18:05:55+00:00	2007-03-04 17:55:48+00:00
Kizar	10	2	2011-08-30 18:38:48+00:00	2012-12-26 11:25:54+00:00
Epiovesan	3	2	2008-02-13 02:44:02+00:00	2008-02-26 08:32:01+00:00
Erne Mogilevich	4	2	2013-02-19 19:22:13+00:00	2015-11-01 08:13:43+00:00
Kenbill	6	2	2006-08-12 19:11:16+00:00	2006-08-12 19:16:20+00:00
Keily Sofía Ruano Guevara	3	2	2020-01-28 02:07:29+00:00	2020-01-28 02:20:30+00:00
Anibalcesar	6	2	2015-07-17 13:02:00+00:00	2020-04-02 09:54:39+00:00
Egis57	3	2	2014-12-16 18:44:44+00:00	2015-02-08 12:51:14+00:00
Mr. Violín	12	2	2013-10-20 17:08:19+00:00	2013-10-20 18:24:18+00:00
Sirpuppet	6	2	2007-03-23 19:08:37+00:00	2007-04-05 19:36:46+00:00
Sms	6	2	2004-07-30 02:28:09+00:00	2004-11-16 02:49:46+00:00
Kamen Rider	4	2	2007-02-04 03:22:10+00:00	2007-03-11 17:48:59+00:00
Angustia	3	2	2006-02-03 11:39:25+00:00	2006-03-30 11:21:53+00:00
Ernesto Graf	10	2	2005-12-28 08:38:20+00:00	2006-02-01 18:38:48+00:00
Phirosiberia	3	2	2007-06-05 20:34:39+00:00	2008-06-08 16:37:22+00:00
Angelito7	4	2	2012-11-25 03:11:08+00:00	2014-01-21 17:36:54+00:00
Julianortega	4	2	2005-02-11 13:38:13+00:00	2005-09-28 22:31:04+00:00
Soyunapaleta	3	2	2007-08-04 19:23:40+00:00	2007-08-04 19:30:50+00:00
Juangatti	4	2	2018-05-20 15:46:11+00:00	2019-01-22 16:42:42+00:00
Ansoni	3	2	2009-07-19 19:23:37+00:00	2009-07-19 19:43:14+00:00
DaMaFer	3	2	2012-03-20 18:12:53+00:00	2013-08-08 15:39:22+00:00
Santi naturalista	12	2	2010-11-12 21:15:38+00:00	2010-12-21 19:36:15+00:00
Santga	6	2	2013-03-18 00:00:39+00:00	2016-02-08 00:26:52+00:00
Augusto maguina	4	2	2005-10-01 21:17:52+00:00	2006-02-24 16:37:39+00:00
CentralTime301	3	2	2020-01-11 22:02:32+00:00	2020-01-21 18:51:50+00:00
El Mexicano	9	2	2007-10-24 17:11:22+00:00	2009-03-04 13:08:49+00:00
Paganel	10	2	2007-07-19 10:14:12+00:00	2008-05-23 17:27:20+00:00
Leonudio	17	2	2007-04-13 23:45:17+00:00	2007-05-05 00:33:10+00:00
Rrmsjp	4	2	2010-01-04 15:22:34+00:00	2011-06-24 02:32:14+00:00
Asfrid	3	2	2008-11-26 12:19:42+00:00	2008-11-26 12:33:10+00:00
Elemaki	3	2	2007-05-04 22:43:50+00:00	2011-06-08 23:36:30+00:00
Lecuona	5	2	2006-10-07 10:16:29+00:00	2014-01-11 20:16:34+00:00
LauraFarina	4	2	2011-07-08 22:38:31+00:00	2014-05-21 18:24:19+00:00
Arístides Herrera Cuntti	53	2	2004-10-18 13:57:14+00:00	2006-03-31 01:12:22+00:00
Moebiusuibeom-es	4	2	2012-02-28 17:21:35+00:00	2012-02-28 19:04:42+00:00
Arzawen	3	2	2017-05-03 22:35:52+00:00	2017-10-31 00:23:21+00:00
Chalisimo5	71	2	2004-11-30 16:00:08+00:00	2006-08-16 23:05:36+00:00
Arturus	4	2	2007-05-11 02:32:15+00:00	2007-05-18 18:26:41+00:00
Saidverse	6	2	2007-03-10 20:35:56+00:00	2007-03-10 20:38:51+00:00
Arrt-932	40	2	2005-04-17 17:26:12+00:00	2006-02-20 23:30:37+00:00
Lagoset	9	2	2015-07-21 11:18:42+00:00	2015-07-22 06:52:23+00:00
ChemoWeb	4	2	2004-09-18 16:48:10+00:00	2007-02-28 02:33:40+00:00
Cousteau	4	2	2017-09-06 18:29:46+00:00	2018-07-11 20:18:32+00:00
Dani 63	5	2	2007-03-13 14:00:24+00:00	2007-06-11 16:25:09+00:00
Krysthyan	3	2	2008-06-11 18:39:01+00:00	2008-07-03 18:34:15+00:00
Sanjurjo	3	2	2014-10-01 08:27:56+00:00	2017-03-23 09:26:43+00:00
Napoleón333	10	2	2005-03-18 20:24:33+00:00	2006-01-21 06:31:56+00:00
